/*
SQLyog Enterprise - MySQL GUI v8.05 
MySQL - 5.1.51-community : Database - siec
*********************************************************************
*/

/*!40101 SET NAMES utf8 */;

/*!40101 SET SQL_MODE=''*/;

/*!40014 SET @OLD_FOREIGN_KEY_CHECKS=@@FOREIGN_KEY_CHECKS, FOREIGN_KEY_CHECKS=0 */;
/*!40101 SET @OLD_SQL_MODE=@@SQL_MODE, SQL_MODE='NO_AUTO_VALUE_ON_ZERO' */;

/*Table structure for table `tc_carrera` */

DROP TABLE IF EXISTS `tc_carrera`;

CREATE TABLE `tc_carrera` (
  `CARRERA_ID` int(11) NOT NULL AUTO_INCREMENT,
  `DES_CARRERA` varchar(45) DEFAULT NULL,
  PRIMARY KEY (`CARRERA_ID`)
) ENGINE=InnoDB AUTO_INCREMENT=8 DEFAULT CHARSET=latin1;

/*Data for the table `tc_carrera` */

insert  into `tc_carrera`(`CARRERA_ID`,`DES_CARRERA`) values (1,'ISEI'),(2,'MECATRONICA'),(3,'ELECTRONICA'),(4,'ENERGIAS'),(5,'LANI'),(6,'INDUSTRIAL'),(7,'MECANICA');

/*Table structure for table `tc_categorias` */

DROP TABLE IF EXISTS `tc_categorias`;

CREATE TABLE `tc_categorias` (
  `CATEGORIA_ID` int(11) NOT NULL AUTO_INCREMENT,
  `DES_CATEGORIA` varchar(45) DEFAULT NULL,
  `DESCRIPCION` varchar(255) DEFAULT NULL,
  `ORDEN` int(11) DEFAULT NULL,
  PRIMARY KEY (`CATEGORIA_ID`)
) ENGINE=InnoDB AUTO_INCREMENT=3 DEFAULT CHARSET=latin1;

/*Data for the table `tc_categorias` */

insert  into `tc_categorias`(`CATEGORIA_ID`,`DES_CATEGORIA`,`DESCRIPCION`,`ORDEN`) values (1,'TEORIA','SE EVALUA LA PARTE TEORICA',1),(2,'PRACTICA','SE EVALUA LA APLICACION DE LA TEORIA',2);

/*Table structure for table `tc_competencias` */

DROP TABLE IF EXISTS `tc_competencias`;

CREATE TABLE `tc_competencias` (
  `COMPETENCIA_ID` int(11) NOT NULL AUTO_INCREMENT,
  `DES_COMPETENCIA` varchar(45) DEFAULT NULL,
  `DESCRIPCION` varchar(255) DEFAULT NULL,
  `CATEGORIA_ID` int(11) NOT NULL,
  PRIMARY KEY (`COMPETENCIA_ID`),
  KEY `fk_TC_COMPETENCIAS_CATEGORIAS` (`CATEGORIA_ID`),
  CONSTRAINT `fk_TC_COMPETENCIAS_CATEGORIAS` FOREIGN KEY (`CATEGORIA_ID`) REFERENCES `tc_categorias` (`CATEGORIA_ID`) ON DELETE NO ACTION ON UPDATE NO ACTION
) ENGINE=InnoDB AUTO_INCREMENT=5 DEFAULT CHARSET=latin1;

/*Data for the table `tc_competencias` */

insert  into `tc_competencias`(`COMPETENCIA_ID`,`DES_COMPETENCIA`,`DESCRIPCION`,`CATEGORIA_ID`) values (1,'PROGRAMACIO ESTRUCTURADA','EL ALUMNO APRENDERA A REALIZAR CODIGOS CON UNA ESTRUCTURA ORDENADA Y LIMPIA',2),(2,'MANEJO DE CISCO','EL ALIMNO APRENDERA A REALIZAR REDES EN LA HERRAMIENTA CISCO ',2),(3,'APRENDER ESTRATEGIAS DE DOCUMENTACION','EL ALUMNO APRENDERA A REALIZAR LA DOCUMENTACION NECESARIA PARA EL DESARROLLO DEL SOFTWARE',1),(4,'SOLUCION DE ECUACIONES','EL ALUMNO APRENDERA A RESOLVER ECUACIONES MEDIANTE DIFERENTES TIPOS DE SOLUCION',2);

/*Table structure for table `tc_criterios` */

DROP TABLE IF EXISTS `tc_criterios`;

CREATE TABLE `tc_criterios` (
  `CRITERIO_ID` int(11) NOT NULL AUTO_INCREMENT,
  `DES_CRITERIO` varchar(50) DEFAULT NULL,
  `DESCRIPCION` varchar(255) DEFAULT NULL,
  PRIMARY KEY (`CRITERIO_ID`)
) ENGINE=InnoDB AUTO_INCREMENT=9 DEFAULT CHARSET=latin1;

/*Data for the table `tc_criterios` */

insert  into `tc_criterios`(`CRITERIO_ID`,`DES_CRITERIO`,`DESCRIPCION`) values (1,'REALIZAR METODS','EL ALUMNO APRENDERA A REALIZAR METODOS QUE PERMITAN COMPRENDER MAS UNCODIGO'),(2,'CREACION DE CLASES','EL ALUMNO APRENDERA A REALIZAR CLASESY METODOS BASICOS PARA EL DESARROLLO DE SOFTWARE'),(3,'PUNTUALIDAD','REALIZAR EN TIEMPO Y FORMA LAS ACTIVIDADES DE LA MATERIA'),(4,'REALIZAR VLANS','EL ALUMNO APRENDERA EL CONCEPTO Y ELABORACION DE VLANS'),(5,'REALIZAR IPS','EL ALUMNO APRENDERA A OBTENER IPS Y LOS DIFERENTES TIPOS'),(6,'REALIZAR CASOS DE USO','EL ALUMNO APRENDERA A REALIZAR CASOS DE USOPARA TENER UNA MEJOR PANORAMICA DE COMO SE REALIZA UN SOFTWARE Y CURSO QUE TOMA'),(7,'USO DE HERRAMIENTAS CASE','EL ALUMNO APRENDERA A UTILIZAR HERRAMINETAS UTILES PARA LA ELABORACION DE LA DOCUMENTACION DEL SOFTWARE'),(8,'ECUACIONES DE PRIMER GRADO','EL ALUMNO APRENDERA A RESOLVER ESTE TIPO DE ECUACIONES APLICANDO EL PROCEDIMIENTO ADECUADO');

/*Table structure for table `tc_departamentos` */

DROP TABLE IF EXISTS `tc_departamentos`;

CREATE TABLE `tc_departamentos` (
  `DEPARTAMENTO_ID` int(11) NOT NULL AUTO_INCREMENT,
  `DES_DEPARTAMENTO` varchar(45) DEFAULT NULL,
  PRIMARY KEY (`DEPARTAMENTO_ID`)
) ENGINE=InnoDB AUTO_INCREMENT=4 DEFAULT CHARSET=latin1;

/*Data for the table `tc_departamentos` */

insert  into `tc_departamentos`(`DEPARTAMENTO_ID`,`DES_DEPARTAMENTO`) values (1,'MATEMATICAS'),(2,'IDIOMAS'),(3,'ISEI');

/*Table structure for table `tc_evaluacion_nivel` */

DROP TABLE IF EXISTS `tc_evaluacion_nivel`;

CREATE TABLE `tc_evaluacion_nivel` (
  `EVALUACION_NIVEL_ID` int(11) NOT NULL AUTO_INCREMENT,
  `DES_EVALUACION` varchar(45) DEFAULT NULL,
  PRIMARY KEY (`EVALUACION_NIVEL_ID`)
) ENGINE=InnoDB AUTO_INCREMENT=6 DEFAULT CHARSET=latin1;

/*Data for the table `tc_evaluacion_nivel` */

insert  into `tc_evaluacion_nivel`(`EVALUACION_NIVEL_ID`,`DES_EVALUACION`) values (1,'COMPETENTE'),(2,'BASICO'),(3,'INDEPENDIENTE'),(4,'AVANZADO'),(5,'INCOMPETENTE');

/*Table structure for table `tc_grupo` */

DROP TABLE IF EXISTS `tc_grupo`;

CREATE TABLE `tc_grupo` (
  `GRUPO_ID` int(11) NOT NULL AUTO_INCREMENT,
  `DES_GRUPO` varchar(45) DEFAULT NULL,
  `CARRERA_ID` int(11) NOT NULL,
  `CUATRIMESTRE` varchar(45) DEFAULT NULL,
  `LETRA` varchar(45) DEFAULT NULL,
  PRIMARY KEY (`GRUPO_ID`),
  KEY `fk_TC_GRUPO_TC_CARRERA1` (`CARRERA_ID`)
) ENGINE=InnoDB AUTO_INCREMENT=4 DEFAULT CHARSET=latin1;

/*Data for the table `tc_grupo` */

insert  into `tc_grupo`(`GRUPO_ID`,`DES_GRUPO`,`CARRERA_ID`,`CUATRIMESTRE`,`LETRA`) values (1,'ISEI_6A_2010',1,'6','A'),(2,'INDUSTRILA_1B_2010',6,'1','B'),(3,'ISEI_3A_2010',1,'3','A');

/*Table structure for table `tc_materias` */

DROP TABLE IF EXISTS `tc_materias`;

CREATE TABLE `tc_materias` (
  `MATERIAS_ID` int(11) NOT NULL AUTO_INCREMENT,
  `DES_MATERIAS` varchar(45) DEFAULT NULL,
  `DEPARTAMENTO_ID` int(11) NOT NULL,
  PRIMARY KEY (`MATERIAS_ID`),
  KEY `fk_MATERIAS_TC_DEPARTAMENTOS1` (`DEPARTAMENTO_ID`)
) ENGINE=InnoDB AUTO_INCREMENT=4 DEFAULT CHARSET=latin1;

/*Data for the table `tc_materias` */

insert  into `tc_materias`(`MATERIAS_ID`,`DES_MATERIAS`,`DEPARTAMENTO_ID`) values (1,'PROGRAMACION II',3),(2,'CALCULO INTEGRAL',1),(3,'INGLES VI',2);

/*Table structure for table `tc_perfil` */

DROP TABLE IF EXISTS `tc_perfil`;

CREATE TABLE `tc_perfil` (
  `PERFIL_ID` int(11) NOT NULL AUTO_INCREMENT,
  `DES_PERFIL` varchar(45) DEFAULT NULL,
  PRIMARY KEY (`PERFIL_ID`)
) ENGINE=InnoDB AUTO_INCREMENT=6 DEFAULT CHARSET=latin1;

/*Data for the table `tc_perfil` */

insert  into `tc_perfil`(`PERFIL_ID`,`DES_PERFIL`) values (1,'alumno'),(2,'maestro'),(3,'tutor'),(4,'DPA'),(5,'jefe de carrera');

/*Table structure for table `tc_reportes` */

DROP TABLE IF EXISTS `tc_reportes`;

CREATE TABLE `tc_reportes` (
  `REPORTES_ID` int(11) NOT NULL AUTO_INCREMENT,
  `DES_REPORTES` varchar(45) DEFAULT NULL,
  `PERFIL_ID` int(11) NOT NULL,
  PRIMARY KEY (`REPORTES_ID`),
  KEY `fk_TC_REPORTES_TC_PERFIL1` (`PERFIL_ID`),
  CONSTRAINT `fk_TC_REPORTES_TC_PERFIL1` FOREIGN KEY (`PERFIL_ID`) REFERENCES `tc_perfil` (`PERFIL_ID`) ON DELETE NO ACTION ON UPDATE NO ACTION
) ENGINE=InnoDB AUTO_INCREMENT=5 DEFAULT CHARSET=latin1;

/*Data for the table `tc_reportes` */

insert  into `tc_reportes`(`REPORTES_ID`,`DES_REPORTES`,`PERFIL_ID`) values (1,'semanal',1),(2,'informal',2),(3,'informal',3),(4,'parcial',4);

/*Table structure for table `tc_tipo_evaluacion` */

DROP TABLE IF EXISTS `tc_tipo_evaluacion`;

CREATE TABLE `tc_tipo_evaluacion` (
  `TIPO_EVALUACION_ID` int(11) NOT NULL AUTO_INCREMENT,
  `DES_TIPO_EVALUACION` varchar(45) DEFAULT NULL,
  PRIMARY KEY (`TIPO_EVALUACION_ID`)
) ENGINE=InnoDB AUTO_INCREMENT=4 DEFAULT CHARSET=latin1;

/*Data for the table `tc_tipo_evaluacion` */

insert  into `tc_tipo_evaluacion`(`TIPO_EVALUACION_ID`,`DES_TIPO_EVALUACION`) values (1,'FORMATIVA'),(2,'ACUMULATIVA'),(3,'PARCIAL');

/*Table structure for table `tr_alumnos` */

DROP TABLE IF EXISTS `tr_alumnos`;

CREATE TABLE `tr_alumnos` (
  `ALUMNOS_ID` int(11) NOT NULL AUTO_INCREMENT,
  `MATRICULA` varchar(45) DEFAULT NULL,
  `USUARIO_ID` int(11) NOT NULL,
  `GRUPO_ID` int(11) NOT NULL,
  `CARRERA_ID` int(11) NOT NULL,
  PRIMARY KEY (`ALUMNOS_ID`),
  KEY `fk_TC_ALUMNOS_TC_USUARIO1` (`USUARIO_ID`),
  KEY `fk_TR_ALUMNOS_TC_GRUPO1` (`GRUPO_ID`),
  KEY `fk_TR_ALUMNOS_TC_CARRERA1` (`CARRERA_ID`),
  CONSTRAINT `fk_TC_ALUMNOS_TC_USUARIO1` FOREIGN KEY (`USUARIO_ID`) REFERENCES `tr_usuario` (`USUARIO_ID`) ON DELETE NO ACTION ON UPDATE NO ACTION,
  CONSTRAINT `fk_TR_ALUMNOS_TC_GRUPO1` FOREIGN KEY (`GRUPO_ID`) REFERENCES `tc_grupo` (`GRUPO_ID`) ON DELETE NO ACTION ON UPDATE NO ACTION,
  CONSTRAINT `fk_TR_ALUMNOS_TC_CARRERA1` FOREIGN KEY (`CARRERA_ID`) REFERENCES `tc_carrera` (`CARRERA_ID`) ON DELETE NO ACTION ON UPDATE NO ACTION
) ENGINE=InnoDB AUTO_INCREMENT=10 DEFAULT CHARSET=latin1;

/*Data for the table `tr_alumnos` */

insert  into `tr_alumnos`(`ALUMNOS_ID`,`MATRICULA`,`USUARIO_ID`,`GRUPO_ID`,`CARRERA_ID`) values (2,'UP080605',2,2,2),(3,'UP080704',3,3,3),(6,'UP010101',4,1,2),(9,'UP999999',2,2,3);

/*Table structure for table `tr_comentario_dpa_estrategia` */

DROP TABLE IF EXISTS `tr_comentario_dpa_estrategia`;

CREATE TABLE `tr_comentario_dpa_estrategia` (
  `COMENT_ESTRA_DPA_ID` int(11) NOT NULL AUTO_INCREMENT,
  `ESTRATEGIA_ID` int(11) NOT NULL,
  PRIMARY KEY (`COMENT_ESTRA_DPA_ID`),
  KEY `fk_TR_COMENTARIO_DPA_ESTRATEGIA_TR_ESTRATEGIAS1` (`ESTRATEGIA_ID`),
  CONSTRAINT `fk_TR_COMENTARIO_DPA_ESTRATEGIA_TR_ESTRATEGIAS1` FOREIGN KEY (`ESTRATEGIA_ID`) REFERENCES `tr_estrategias` (`ESTRATEGIA_ID`) ON DELETE NO ACTION ON UPDATE NO ACTION
) ENGINE=InnoDB AUTO_INCREMENT=6 DEFAULT CHARSET=latin1;

/*Data for the table `tr_comentario_dpa_estrategia` */

insert  into `tr_comentario_dpa_estrategia`(`COMENT_ESTRA_DPA_ID`,`ESTRATEGIA_ID`) values (1,12),(2,13),(4,14),(5,15);

/*Table structure for table `tr_criterio_competencia` */

DROP TABLE IF EXISTS `tr_criterio_competencia`;

CREATE TABLE `tr_criterio_competencia` (
  `CRITERIO_COMPETENCIA_ID` int(11) NOT NULL AUTO_INCREMENT,
  `PONDERACION_CRITERIO` varchar(45) DEFAULT NULL,
  `CRITERIO_ID` int(11) NOT NULL,
  `COMPETENCIA_ID` int(11) NOT NULL,
  PRIMARY KEY (`CRITERIO_COMPETENCIA_ID`),
  KEY `fk_TR_CRITERIO_COMPETENCIA_TC_CRITERIOS1` (`CRITERIO_ID`),
  KEY `fk_TR_CRITERIO_COMPETENCIA_TC_COMPETENCIAS1` (`COMPETENCIA_ID`),
  CONSTRAINT `fk_TR_CRITERIO_COMPETENCIA_TC_CRITERIOS1` FOREIGN KEY (`CRITERIO_ID`) REFERENCES `tc_criterios` (`CRITERIO_ID`) ON DELETE NO ACTION ON UPDATE NO ACTION,
  CONSTRAINT `fk_TR_CRITERIO_COMPETENCIA_TC_COMPETENCIAS1` FOREIGN KEY (`COMPETENCIA_ID`) REFERENCES `tc_competencias` (`COMPETENCIA_ID`) ON DELETE NO ACTION ON UPDATE NO ACTION
) ENGINE=InnoDB AUTO_INCREMENT=6 DEFAULT CHARSET=latin1;

/*Data for the table `tr_criterio_competencia` */

insert  into `tr_criterio_competencia`(`CRITERIO_COMPETENCIA_ID`,`PONDERACION_CRITERIO`,`CRITERIO_ID`,`COMPETENCIA_ID`) values (2,'9',1,1),(3,'10',2,2),(4,'9',3,3),(5,'8',4,4);

/*Table structure for table `tr_estrategias` */

DROP TABLE IF EXISTS `tr_estrategias`;

CREATE TABLE `tr_estrategias` (
  `ESTRATEGIA_ID` int(11) NOT NULL AUTO_INCREMENT,
  `FECHA_INICIO_REGISTRO` date DEFAULT NULL,
  `MENSAJE` varchar(45) DEFAULT NULL,
  `MAESTROS_MAESTRO_ID` int(11) NOT NULL,
  PRIMARY KEY (`ESTRATEGIA_ID`),
  KEY `fk_TR_ESTRATEGIAS_MAESTROS1` (`MAESTROS_MAESTRO_ID`),
  CONSTRAINT `fk_TR_ESTRATEGIAS_MAESTROS1` FOREIGN KEY (`MAESTROS_MAESTRO_ID`) REFERENCES `tr_maestros` (`MAESTRO_ID`) ON DELETE NO ACTION ON UPDATE NO ACTION
) ENGINE=InnoDB AUTO_INCREMENT=16 DEFAULT CHARSET=latin1;

/*Data for the table `tr_estrategias` */

insert  into `tr_estrategias`(`ESTRATEGIA_ID`,`FECHA_INICIO_REGISTRO`,`MENSAJE`,`MAESTROS_MAESTRO_ID`) values (12,'2010-10-10','exitoso',1),(13,'2010-09-09','esfuerzate',2),(14,'2010-11-11','tu puedes',1),(15,'2011-01-01','mediocre',3);

/*Table structure for table `tr_evaluacion_acumulativa` */

DROP TABLE IF EXISTS `tr_evaluacion_acumulativa`;

CREATE TABLE `tr_evaluacion_acumulativa` (
  `EVALUACION_ACUMULATIVA_ID` int(11) NOT NULL AUTO_INCREMENT,
  `PARCIAL` int(11) DEFAULT NULL,
  `CALIFICACION` int(11) DEFAULT NULL,
  PRIMARY KEY (`EVALUACION_ACUMULATIVA_ID`)
) ENGINE=InnoDB AUTO_INCREMENT=5 DEFAULT CHARSET=latin1;

/*Data for the table `tr_evaluacion_acumulativa` */

insert  into `tr_evaluacion_acumulativa`(`EVALUACION_ACUMULATIVA_ID`,`PARCIAL`,`CALIFICACION`) values (1,1,9),(2,2,10),(3,3,8),(4,2,7);

/*Table structure for table `tr_evaluacion_parcial` */

DROP TABLE IF EXISTS `tr_evaluacion_parcial`;

CREATE TABLE `tr_evaluacion_parcial` (
  `EVALUACION_PARCIAL_ID` int(11) NOT NULL AUTO_INCREMENT,
  `CALIFICACION` int(11) DEFAULT NULL,
  `PARCIAL` int(11) DEFAULT NULL,
  `EVALUACION_NIVEL_ID` int(11) NOT NULL,
  `TIPO_EVALUACION_ID` int(11) NOT NULL,
  `MAESTRO_MATERIA_GRUPO_SESION_ID` int(11) NOT NULL,
  `ALUMNOS_ID` int(11) NOT NULL,
  PRIMARY KEY (`EVALUACION_PARCIAL_ID`),
  KEY `fk_TR_EVALUACION_PARCIAL_TC_EVALUACION_NIVEL1` (`EVALUACION_NIVEL_ID`),
  KEY `fk_TR_EVALUACION_PARCIAL_TC_TIPO_EVALUACION1` (`TIPO_EVALUACION_ID`),
  KEY `fk_TR_EVALUACION_PARCIAL_TR_MAESTRO_MATERIA_GRUPO_SESION1` (`MAESTRO_MATERIA_GRUPO_SESION_ID`),
  KEY `fk_TR_EVALUACION_PARCIAL_TR_ALUMNOS1` (`ALUMNOS_ID`),
  CONSTRAINT `fk_TR_EVALUACION_PARCIAL_TC_EVALUACION_NIVEL1` FOREIGN KEY (`EVALUACION_NIVEL_ID`) REFERENCES `tc_evaluacion_nivel` (`EVALUACION_NIVEL_ID`) ON DELETE NO ACTION ON UPDATE NO ACTION,
  CONSTRAINT `fk_TR_EVALUACION_PARCIAL_TC_TIPO_EVALUACION1` FOREIGN KEY (`TIPO_EVALUACION_ID`) REFERENCES `tc_tipo_evaluacion` (`TIPO_EVALUACION_ID`) ON DELETE NO ACTION ON UPDATE NO ACTION,
  CONSTRAINT `fk_TR_EVALUACION_PARCIAL_TR_MAESTRO_MATERIA_GRUPO_SESION1` FOREIGN KEY (`MAESTRO_MATERIA_GRUPO_SESION_ID`) REFERENCES `tr_maestro_materia_grupo_sesion` (`MAESTRO_MATERIA_GRUPO_SESION_ID`) ON DELETE NO ACTION ON UPDATE NO ACTION,
  CONSTRAINT `fk_TR_EVALUACION_PARCIAL_TR_ALUMNOS1` FOREIGN KEY (`ALUMNOS_ID`) REFERENCES `tr_alumnos` (`ALUMNOS_ID`) ON DELETE NO ACTION ON UPDATE NO ACTION
) ENGINE=InnoDB AUTO_INCREMENT=10 DEFAULT CHARSET=latin1;

/*Data for the table `tr_evaluacion_parcial` */

insert  into `tr_evaluacion_parcial`(`EVALUACION_PARCIAL_ID`,`CALIFICACION`,`PARCIAL`,`EVALUACION_NIVEL_ID`,`TIPO_EVALUACION_ID`,`MAESTRO_MATERIA_GRUPO_SESION_ID`,`ALUMNOS_ID`) values (2,9,9,1,1,1,2),(3,10,2,2,2,2,3),(7,8,2,3,3,3,2),(9,7,3,2,2,4,6);

/*Table structure for table `tr_evaluacion_parcial_acumulativa` */

DROP TABLE IF EXISTS `tr_evaluacion_parcial_acumulativa`;

CREATE TABLE `tr_evaluacion_parcial_acumulativa` (
  `EVALUACION_PARCIAL_ACUMULATIVA_ID` int(11) NOT NULL AUTO_INCREMENT,
  `EVALUACION_PARCIAL_ID` int(11) NOT NULL,
  `EVALUACION_ACUMULATIVA_ID` int(11) NOT NULL,
  PRIMARY KEY (`EVALUACION_PARCIAL_ACUMULATIVA_ID`),
  KEY `fk_TR_EVALUACION_PARCIAL_ACUMULATIVA_TR_EVALUACION_PARCIAL1` (`EVALUACION_PARCIAL_ID`),
  KEY `fk_TR_EVALUACION_PARCIAL_ACUMULATIVA_TR_EVALUACION_ACUMULATIVA1` (`EVALUACION_ACUMULATIVA_ID`),
  CONSTRAINT `fk_TR_EVALUACION_PARCIAL_ACUMULATIVA_TR_EVALUACION_PARCIAL1` FOREIGN KEY (`EVALUACION_PARCIAL_ID`) REFERENCES `tr_evaluacion_parcial` (`EVALUACION_PARCIAL_ID`) ON DELETE NO ACTION ON UPDATE NO ACTION,
  CONSTRAINT `fk_TR_EVALUACION_PARCIAL_ACUMULATIVA_TR_EVALUACION_ACUMULATIVA1` FOREIGN KEY (`EVALUACION_ACUMULATIVA_ID`) REFERENCES `tr_evaluacion_acumulativa` (`EVALUACION_ACUMULATIVA_ID`) ON DELETE NO ACTION ON UPDATE NO ACTION
) ENGINE=InnoDB AUTO_INCREMENT=14 DEFAULT CHARSET=latin1;

/*Data for the table `tr_evaluacion_parcial_acumulativa` */

insert  into `tr_evaluacion_parcial_acumulativa`(`EVALUACION_PARCIAL_ACUMULATIVA_ID`,`EVALUACION_PARCIAL_ID`,`EVALUACION_ACUMULATIVA_ID`) values (2,2,2),(3,3,3),(11,7,2),(13,9,4);

/*Table structure for table `tr_maestro_materia` */

DROP TABLE IF EXISTS `tr_maestro_materia`;

CREATE TABLE `tr_maestro_materia` (
  `MAESTRO_MATERIA_ID` int(11) NOT NULL AUTO_INCREMENT,
  `MATERIAS_ID` int(11) NOT NULL,
  `MAESTRO_ID` int(11) NOT NULL,
  PRIMARY KEY (`MAESTRO_MATERIA_ID`),
  KEY `fk_TR_MAESTRO_MATERIA_TC_MATERIAS` (`MATERIAS_ID`),
  KEY `fk_TR_MAESTRO_MATERIA_TR_MAESTROS1` (`MAESTRO_ID`),
  CONSTRAINT `fk_TR_MAESTRO_MATERIA_TC_MATERIAS` FOREIGN KEY (`MATERIAS_ID`) REFERENCES `tc_materias` (`MATERIAS_ID`) ON DELETE NO ACTION ON UPDATE NO ACTION,
  CONSTRAINT `fk_TR_MAESTRO_MATERIA_TR_MAESTROS1` FOREIGN KEY (`MAESTRO_ID`) REFERENCES `tr_maestros` (`MAESTRO_ID`) ON DELETE NO ACTION ON UPDATE NO ACTION
) ENGINE=InnoDB AUTO_INCREMENT=8 DEFAULT CHARSET=latin1;

/*Data for the table `tr_maestro_materia` */

insert  into `tr_maestro_materia`(`MAESTRO_MATERIA_ID`,`MATERIAS_ID`,`MAESTRO_ID`) values (1,2,2),(2,1,1),(3,3,3),(7,3,3);

/*Table structure for table `tr_maestro_materia_grupo` */

DROP TABLE IF EXISTS `tr_maestro_materia_grupo`;

CREATE TABLE `tr_maestro_materia_grupo` (
  `MAESTRO_MATERIA_GRUPO_ID` int(11) NOT NULL AUTO_INCREMENT,
  `GRUPO_GRUPO_ID` int(11) NOT NULL,
  `MAESTRO_MATERIA_ID` int(11) NOT NULL,
  PRIMARY KEY (`MAESTRO_MATERIA_GRUPO_ID`),
  KEY `fk_TR_MAESTRO_MATERIA_GRUPO_TC_GRUPO1` (`GRUPO_GRUPO_ID`),
  KEY `fk_TR_MAESTRO_MATERIA_GRUPO_TR_MAESTRO_MATERIA1` (`MAESTRO_MATERIA_ID`),
  CONSTRAINT `fk_TR_MAESTRO_MATERIA_GRUPO_TC_GRUPO1` FOREIGN KEY (`GRUPO_GRUPO_ID`) REFERENCES `tc_grupo` (`GRUPO_ID`) ON DELETE NO ACTION ON UPDATE NO ACTION,
  CONSTRAINT `fk_TR_MAESTRO_MATERIA_GRUPO_TR_MAESTRO_MATERIA1` FOREIGN KEY (`MAESTRO_MATERIA_ID`) REFERENCES `tr_maestro_materia` (`MAESTRO_MATERIA_ID`) ON DELETE NO ACTION ON UPDATE NO ACTION
) ENGINE=InnoDB AUTO_INCREMENT=5 DEFAULT CHARSET=latin1;

/*Data for the table `tr_maestro_materia_grupo` */

insert  into `tr_maestro_materia_grupo`(`MAESTRO_MATERIA_GRUPO_ID`,`GRUPO_GRUPO_ID`,`MAESTRO_MATERIA_ID`) values (1,1,1),(2,2,2),(3,3,3),(4,2,7);

/*Table structure for table `tr_maestro_materia_grupo_sesion` */

DROP TABLE IF EXISTS `tr_maestro_materia_grupo_sesion`;

CREATE TABLE `tr_maestro_materia_grupo_sesion` (
  `MAESTRO_MATERIA_GRUPO_SESION_ID` int(11) NOT NULL AUTO_INCREMENT,
  `SESION_SESION_ID` int(11) NOT NULL,
  `MAE_MAT_GRP_ID` int(11) NOT NULL,
  PRIMARY KEY (`MAESTRO_MATERIA_GRUPO_SESION_ID`),
  KEY `fk_TR_MAESTRO_MATERIA_GRUPO_SESION_TR_SESION1` (`SESION_SESION_ID`),
  KEY `fk_TR_MAESTRO_MATERIA_GRUPO_SESION_TR_MAESTRO_MATERIA_GRUPO1` (`MAE_MAT_GRP_ID`),
  CONSTRAINT `fk_TR_MAESTRO_MATERIA_GRUPO_SESION_TR_SESION1` FOREIGN KEY (`SESION_SESION_ID`) REFERENCES `tr_sesion` (`SESION_ID`) ON DELETE NO ACTION ON UPDATE NO ACTION,
  CONSTRAINT `fk_TR_MAESTRO_MATERIA_GRUPO_SESION_TR_MAESTRO_MATERIA_GRUPO1` FOREIGN KEY (`MAE_MAT_GRP_ID`) REFERENCES `tr_maestro_materia_grupo` (`MAESTRO_MATERIA_GRUPO_ID`) ON DELETE NO ACTION ON UPDATE NO ACTION
) ENGINE=InnoDB AUTO_INCREMENT=5 DEFAULT CHARSET=latin1;

/*Data for the table `tr_maestro_materia_grupo_sesion` */

insert  into `tr_maestro_materia_grupo_sesion`(`MAESTRO_MATERIA_GRUPO_SESION_ID`,`SESION_SESION_ID`,`MAE_MAT_GRP_ID`) values (1,1,1),(2,2,2),(3,3,3),(4,4,4);

/*Table structure for table `tr_maestros` */

DROP TABLE IF EXISTS `tr_maestros`;

CREATE TABLE `tr_maestros` (
  `MAESTRO_ID` int(11) NOT NULL AUTO_INCREMENT,
  `CODIGO` varchar(45) DEFAULT NULL,
  `USUARIO_ID` int(11) NOT NULL,
  PRIMARY KEY (`MAESTRO_ID`),
  KEY `fk_MAESTROS_TR_USUARIO1` (`USUARIO_ID`)
) ENGINE=InnoDB AUTO_INCREMENT=5 DEFAULT CHARSET=latin1;

/*Data for the table `tr_maestros` */

insert  into `tr_maestros`(`MAESTRO_ID`,`CODIGO`,`USUARIO_ID`) values (1,'Progra',3),(2,'Admin',6),(3,'Desarrollo',6),(4,'ingles',6);

/*Table structure for table `tr_sesion` */

DROP TABLE IF EXISTS `tr_sesion`;

CREATE TABLE `tr_sesion` (
  `SESION_ID` int(11) NOT NULL AUTO_INCREMENT,
  `MENSAJE` varchar(255) DEFAULT NULL,
  `ESTADO` int(11) DEFAULT NULL,
  `CRITERIO_COMPETENCIA_CRITERIO_COMPETENCIA_ID` int(11) NOT NULL,
  `SESION_RECHAZADA_SESION_RECHAZADA_ID` int(11) NOT NULL,
  `PONDERACION` varchar(45) DEFAULT NULL,
  PRIMARY KEY (`SESION_ID`),
  KEY `fk_TR_SESION_TR_CRITERIO_COMPETENCIA1` (`CRITERIO_COMPETENCIA_CRITERIO_COMPETENCIA_ID`),
  KEY `fk_TR_SESION_TR_SESION_RECHAZADA1` (`SESION_RECHAZADA_SESION_RECHAZADA_ID`)
) ENGINE=InnoDB AUTO_INCREMENT=5 DEFAULT CHARSET=latin1;

/*Data for the table `tr_sesion` */

insert  into `tr_sesion`(`SESION_ID`,`MENSAJE`,`ESTADO`,`CRITERIO_COMPETENCIA_CRITERIO_COMPETENCIA_ID`,`SESION_RECHAZADA_SESION_RECHAZADA_ID`,`PONDERACION`) values (1,'tiene nuevo mensaje',0,2,2,'total'),(2,'no ha recibido evaluacion',0,1,1,'total'),(3,'ha ocurrido error',0,3,3,'total'),(4,'registrese aqui',0,2,2,'nula');

/*Table structure for table `tr_sesion_rechazada` */

DROP TABLE IF EXISTS `tr_sesion_rechazada`;

CREATE TABLE `tr_sesion_rechazada` (
  `SESION_RECHAZADA_ID` int(11) NOT NULL AUTO_INCREMENT,
  `MENSAJE` varchar(45) DEFAULT NULL,
  PRIMARY KEY (`SESION_RECHAZADA_ID`)
) ENGINE=InnoDB AUTO_INCREMENT=5 DEFAULT CHARSET=latin1;

/*Data for the table `tr_sesion_rechazada` */

insert  into `tr_sesion_rechazada`(`SESION_RECHAZADA_ID`,`MENSAJE`) values (1,'Error en servidor'),(2,'Clave o nombre de usuario incorrecto'),(3,'Excediste limite de tiempo de sesión inactiva'),(4,'Ya has iniciado sesión en otra IP');

/*Table structure for table `tr_usuario` */

DROP TABLE IF EXISTS `tr_usuario`;

CREATE TABLE `tr_usuario` (
  `USUARIO_ID` int(11) NOT NULL AUTO_INCREMENT,
  `NOMBRES` varchar(45) DEFAULT NULL,
  `APELLIDOS` varchar(45) DEFAULT NULL,
  `FECHA_NAC` date DEFAULT NULL,
  `USUARIO` varchar(45) DEFAULT NULL,
  `PASSWORD` varchar(45) DEFAULT NULL,
  `PERFIL_ID` int(11) NOT NULL,
  PRIMARY KEY (`USUARIO_ID`),
  KEY `fk_USUARIO_PERFIL1` (`PERFIL_ID`),
  CONSTRAINT `fk_USUARIO_PERFIL1` FOREIGN KEY (`PERFIL_ID`) REFERENCES `tc_perfil` (`PERFIL_ID`) ON DELETE NO ACTION ON UPDATE NO ACTION
) ENGINE=InnoDB AUTO_INCREMENT=7 DEFAULT CHARSET=latin1;

/*Data for the table `tr_usuario` */

insert  into `tr_usuario`(`USUARIO_ID`,`NOMBRES`,`APELLIDOS`,`FECHA_NAC`,`USUARIO`,`PASSWORD`,`PERFIL_ID`) values (2,'Pedro Miguel','Hdz Jasso','0000-00-00','viruskimera','*****',1),(3,'Maria del Rocio','Teran Reyes','0000-00-00','RteranR','*****',2),(4,'Giannina','Cajero Rodgz','2010-09-27','giannina','***',1),(5,'Amanda',NULL,'2010-09-09','amanda','***',1),(6,'Omar','Rosales','2010-10-10','Omar','***',2);

/*!40101 SET SQL_MODE=@OLD_SQL_MODE */;
/*!40014 SET FOREIGN_KEY_CHECKS=@OLD_FOREIGN_KEY_CHECKS */;
